NewTask,basic mario game java code,,,,,,,,,,,,,,,,,,,,,,
basic mario game java code site:stackoverflow,processingjs.nihongoresources.com/test/PjsGameEngine/docs/tutorial/mario.html,,,,,,,,,,,,,,,,,,,,,,
google advanced search,,,,,,,,,,,,,,,,,,,,,,,
advanced query: all these words: mario java AND any of these words: java AND site or domain: stackoverflow,https://www.google.com/advanced_search,,,,,,,,,,,,,,,,,,,,,,
advanced query: all these words: mario java AND any of these words: java,https://www.google.com/advanced_search,,,,,,,,,,,,,,,,,,,,,,
advanced query: all these words: mario java program AND any of these words: java,https://www.google.com/advanced_search,,,,,,,,,,,,,,,,,,,,,,
mario basic game datastructures and alogritms,www.dreamincode.net/forums/topic/259240-how-to-make-a-game-like-super-mario-bros-in-java,www.dreamincode.net/forums/topic/166788-java-game-programming-thread,www.codeproject.com/Articles/396959/Mario,"processingjs.nihongoresources.com/test/PjsGameEngine/docs/tutorial/mario.html	",codereview.stackexchange.com/questions/51118/organizing-code-in-small-mario-game,,,,,,,,,,,,,,,,,,
advanced search,,,,,,,,,,,,,,,,,,,,,,,
advanced query: all these words: basic mario game java AND any of thse words: java AND file type: .ps,https://www.google.com/advanced_search,,,,,,,,,,,,,,,,,,,,,,
how to make a mario game in java,,,,,,,,,,,,,,,,,,,,,,,
what datastructures to make a mario game in java,www.instructables.com/id/Make-your-own-Super-Mario-game,,,,,,,,,,,,,,,,,,,,,,
java datastructures required to make mario game,gamedev.stackexchange.com/questions/16197/data-structures-in-older-games,www.gamedev.net/topics/454803-super-mario-source-code,www.javaworld.com/article/2073390/core-java/datastructures-and-algorithms-part-1.html,www.raywenderlich.com/15230/how-to-make-a-platform-game-like-super-mario-brothers-part-1,www.java-gaming.org/index.php?topic=37590.0,,,,,,,,,,,,,,,,,,
how to make mario in java'`,gamedev.stackexchange.com/questions/77844/what-are-some-ways-to-store-level-data-in-a-game-like-gunpoint,stackoverflow.com/questions/1137638/what-is-the-best-way-to-represent-the-levels-in-a-2d-side-scroller,,,,,,,,,,,,,,,,,,,,,
java mario game source code,www.gamedev.net/topic/425782-mario-clone-java-help,javacooperation.gmxhome.de/TutorialStartEng.html,https://github.com/arjanfrans/mario-game,,,,,,,,,,,,,,,,,,,,
java basic mario game,https://javamarioplatformer.codeplex.com,stackoverflow.com/questions/2894661/creating-a-java-platform-game-as-easily-as-possible,www.coderance.com/t/201140/Game-Development/java/JMario-Java-side-scroll-game,https://sourceforge.net/projects/jmario,,,,,,,,,,,,,,,,,,,
